<?xml version="1.0" encoding="utf-8" standalone="yes"?>
<?IUPAC 2000 Atomic Weights of the Elements. Updated Elements H, B, C, N, O, Na, P, S, Cl, K, Ca Table 5 for probabilty best measuremnt?>
<?We need to add average mass and check all isotope probabilities add to 1?>
<?Average mass comes from IUPAC 2007.  () uncertanties were not included?>
<parameters>
	<version>1.0</version>
	<ElementIsotopes>
		<NumElements>104</NumElements>
		<Element>
			<Symbol>H</Symbol>
			<Name>Hydrogen</Name>
			<NumIsotopes>2</NumIsotopes>
			<Atomicity>1</Atomicity>
			<MassAverage>1.00794</MassAverage>
			<MassAverageUncertainty>0.00007</MassAverageUncertainty>
			<Isotope>
				<IsotopeNumber>1</IsotopeNumber>
				<Mass>1.00782503196</Mass>
				<Probability>0.999844265</Probability>
			</Isotope>
			<Isotope>
				<IsotopeNumber>2</IsotopeNumber>
				<Mass>2.01410177796</Mass>
				<Probability>0.000155745</Probability>
			</Isotope>
		</Element>
        <Element>
			<Symbol>D</Symbol>
			<Name>Deuterium </Name>
			<NumIsotopes>1</NumIsotopes>
			<Atomicity>1</Atomicity>
			<MassAverage>2.01410177796</MassAverage>
			<MassAverageUncertainty>0.00007</MassAverageUncertainty>
            <Isotope>
				<IsotopeNumber>2</IsotopeNumber>
				<Mass>2.01410177796</Mass>
				<Probability>1</Probability>
			</Isotope>
		</Element>
		<Element>
			<Symbol>He</Symbol>
			<Name>Helium</Name>
			<NumIsotopes>2</NumIsotopes>
			<Atomicity>2</Atomicity>
			<MassAverage>4.002602</MassAverage>
			<MassAverageUncertainty>0.000002</MassAverageUncertainty>
			<Isotope>
				<IsotopeNumber>3</IsotopeNumber>
				<Mass>3.01603</Mass>
				<Probability>0.00000134313</Probability>
			</Isotope>
			<Isotope>
				<IsotopeNumber>4</IsotopeNumber>
				<Mass>4.0026</Mass>
				<Probability>0.99999865713</Probability>
			</Isotope>
		</Element>
		<Element>
			<Symbol>Li</Symbol>
			<Name>Lithium</Name>
			<NumIsotopes>2</NumIsotopes>
			<Atomicity>3</Atomicity>
			<MassAverage>6.941</MassAverage>
			<MassAverageUncertainty>0.002</MassAverageUncertainty>
			<Isotope>
				<IsotopeNumber>6</IsotopeNumber>
				<Mass>6.015121</Mass>
				<Probability>0.075</Probability>
			</Isotope>
			<Isotope>
				<IsotopeNumber>7</IsotopeNumber>
				<Mass>7.016003</Mass>
				<Probability>0.925</Probability>
			</Isotope>
		</Element>
		<Element>
			<Symbol>Be</Symbol>
			<Name>Beryllium</Name>
			<NumIsotopes>1</NumIsotopes>
			<Atomicity>4</Atomicity>
			<MassAverage>9.012182</MassAverage>
			<MassAverageUncertainty>0.000003</MassAverageUncertainty>
			<Isotope>
				<IsotopeNumber>9</IsotopeNumber>
				<Mass>9.012182</Mass>
				<Probability>1.0</Probability>
			</Isotope>
		</Element>
		<Element>
			<Symbol>B</Symbol>
			<Name>Boron</Name>
			<NumIsotopes>2</NumIsotopes>
			<Atomicity>5</Atomicity>
			<MassAverage>10.811</MassAverage>
			<MassAverageUncertainty>0.007</MassAverageUncertainty>
			<Isotope>
				<IsotopeNumber>10</IsotopeNumber>
				<Mass>10.01293713</Mass>
				<Probability>0.19822</Probability>
			</Isotope>
			<Isotope>
				<IsotopeNumber>11</IsotopeNumber>
				<Mass>11.00930554</Mass>
				<Probability>0.80182</Probability>
			</Isotope>
		</Element>
		<Element>
			<Symbol>C</Symbol>
			<Name>Carbon</Name>
			<NumIsotopes>2</NumIsotopes>
			<Atomicity>6</Atomicity>
			<MassAverage>12.0107</MassAverage>
			<MassAverageUncertainty>0.0008</MassAverageUncertainty>
			<Isotope>
				<IsotopeNumber>12</IsotopeNumber>
				<Mass>12.0000000000</Mass>
				<Probability>0.98892228</Probability>
			</Isotope>
			<Isotope>
				<IsotopeNumber>13</IsotopeNumber>
				<Mass>13.0033548385</Mass>
				<Probability>0.01107828</Probability>
			</Isotope>
		</Element>
		<Element>
			<Symbol>N</Symbol>
			<Name>Nitrogen</Name>
			<NumIsotopes>2</NumIsotopes>
			<Atomicity>7</Atomicity>
			<MassAverage>14.0067</MassAverage>
			<MassAverageUncertainty>0.0002</MassAverageUncertainty>
			<Isotope>
				<IsotopeNumber>14</IsotopeNumber>
				<Mass>14.003074007418</Mass>
				<Probability>0.9963374</Probability>
			</Isotope>
			<Isotope>
				<IsotopeNumber>15</IsotopeNumber>
				<Mass>15.00010897312</Mass>
				<Probability>0.0036634</Probability>
			</Isotope>
		</Element>
		<Element>
			<Symbol>O</Symbol>
			<Name>Oxygen</Name>
			<NumIsotopes>3</NumIsotopes>
			<Atomicity>8</Atomicity>
			<MassAverage>15.9994</MassAverage>
			<MassAverageUncertainty>0.0003</MassAverageUncertainty>
			<Isotope>
				<IsotopeNumber>16</IsotopeNumber>
				<Mass>15.994914622325</Mass>
				<Probability>0.99762065</Probability>
			</Isotope>
			<Isotope>
				<IsotopeNumber>17</IsotopeNumber>
				<Mass>16.9991315022</Mass>
				<Probability>0.00037909</Probability>
			</Isotope>
			<Isotope>
				<IsotopeNumber>18</IsotopeNumber>
				<Mass>17.99916049</Mass>
				<Probability>0.00200045</Probability>
			</Isotope>
		</Element>
		<Element>
			<Symbol>F</Symbol>
			<Name>Fluorine</Name>
			<NumIsotopes>1</NumIsotopes>
			<Atomicity>9</Atomicity>
			<MassAverage>18.9984032</MassAverage>
			<MassAverageUncertainty>0.0000005</MassAverageUncertainty>
			<Isotope>
				<IsotopeNumber>19</IsotopeNumber>
				<Mass>18.9984</Mass>
				<Probability>1.0</Probability>
			</Isotope>
		</Element>
		<Element>
			<Symbol>Ne</Symbol>
			<Name>Neon</Name>
			<NumIsotopes>3</NumIsotopes>
			<Atomicity>10</Atomicity>
			<MassAverage>20.1797</MassAverage>
			<MassAverageUncertainty>0.0006</MassAverageUncertainty>
			<Isotope>
				<IsotopeNumber>20</IsotopeNumber>
				<Mass>19.99244</Mass>
				<Probability>0.9048</Probability>
			</Isotope>
			<Isotope>
				<IsotopeNumber>21</IsotopeNumber>
				<Mass>20.99384</Mass>
				<Probability>0.0027</Probability>
			</Isotope>
			<Isotope>
				<IsotopeNumber>22</IsotopeNumber>
				<Mass>21.99138</Mass>
				<Probability>0.0925</Probability>
			</Isotope>
		</Element>
		<Element>
			<Symbol>Na</Symbol>
			<Name>Sodium</Name>
			<NumIsotopes>1</NumIsotopes>
			<Atomicity>11</Atomicity>
			<MassAverage>22.98976928</MassAverage>
			<MassAverageUncertainty>0.00000002</MassAverageUncertainty>
			<Isotope>
				<IsotopeNumber>23</IsotopeNumber>
				<Mass>22.9897696626</Mass>
				<Probability>1.0</Probability>
			</Isotope>
		</Element>
		<Element>
			<Symbol>Mg</Symbol>
			<Name>Magnesium</Name>
			<NumIsotopes>3</NumIsotopes>
			<Atomicity>12</Atomicity>
			<MassAverage>24.305</MassAverage>
			<MassAverageUncertainty>0.006</MassAverageUncertainty>
			<Isotope>
				<IsotopeNumber>24</IsotopeNumber>
				<Mass>23.98504</Mass>
				<Probability>0.7899</Probability>
			</Isotope>
			<Isotope>
				<IsotopeNumber>25</IsotopeNumber>
				<Mass>24.98584</Mass>
				<Probability>0.1</Probability>
			</Isotope>
			<Isotope>
				<IsotopeNumber>26</IsotopeNumber>
				<Mass>25.98259</Mass>
				<Probability>0.1101</Probability>
			</Isotope>
		</Element>
		<Element>
			<Symbol>Al</Symbol>
			<Name>Alumunium</Name>
			<NumIsotopes>1</NumIsotopes>
			<Atomicity>13</Atomicity>
			<MassAverage>26.9815386</MassAverage>
			<MassAverageUncertainty>0.0000008</MassAverageUncertainty>
			<Isotope>
				<IsotopeNumber>27</IsotopeNumber>
				<Mass>26.98154</Mass>
				<Probability>1.0</Probability>
			</Isotope>
		</Element>
		<Element>
			<Symbol>Si</Symbol>
			<Name>Silicon</Name>
			<NumIsotopes>3</NumIsotopes>
			<Atomicity>14</Atomicity>
			<MassAverage>28.0855</MassAverage>
			<MassAverageUncertainty>0.0003</MassAverageUncertainty>
			<Isotope>
				<IsotopeNumber>28</IsotopeNumber>
				<Mass>27.97693</Mass>
				<Probability>0.9223</Probability>
			</Isotope>
			<Isotope>
				<IsotopeNumber>29</IsotopeNumber>
				<Mass>28.9765</Mass>
				<Probability>0.0467</Probability>
			</Isotope>
			<Isotope>
				<IsotopeNumber>30</IsotopeNumber>
				<Mass>29.97377</Mass>
				<Probability>0.031</Probability>
			</Isotope>
		</Element>
		<Element>
			<Symbol>P</Symbol>
			<Name>Phosphorous</Name>
			<NumIsotopes>1</NumIsotopes>
			<Atomicity>15</Atomicity>
			<MassAverage>30.973762</MassAverage>
			<MassAverageUncertainty>0.000002</MassAverageUncertainty>
			<Isotope>
				<IsotopeNumber>31</IsotopeNumber>
				<Mass>30.9737614927</Mass>
				<Probability>1.0</Probability>
			</Isotope>
		</Element>
		<Element>
			<Symbol>S</Symbol>
			<Name>Sulfur</Name>
			<NumIsotopes>4</NumIsotopes>
			<Atomicity>16</Atomicity>
			<MassAverage>32.065</MassAverage>
			<MassAverageUncertainty>0.005</MassAverageUncertainty>
			<Isotope>
				<IsotopeNumber>32</IsotopeNumber>
				<Mass>31.9720707315</Mass>
				<Probability>0.950407488</Probability>
			</Isotope>
			<Isotope>
				<IsotopeNumber>33</IsotopeNumber>
				<Mass>32.9714585415</Mass>
				<Probability>0.007486960</Probability>
			</Isotope>
			<Isotope>
				<IsotopeNumber>34</IsotopeNumber>
				<Mass>33.9678668714</Mass>
				<Probability>0.041959966</Probability>
			</Isotope>
			<Isotope>
				<IsotopeNumber>36</IsotopeNumber>
				<Mass>35.9670808825</Mass>
				<Probability>0.0001457989</Probability>
			</Isotope>
		</Element>
		<Element>
			<Symbol>Cl</Symbol>
			<Name>Chlorine</Name>
			<NumIsotopes>2</NumIsotopes>
			<Atomicity>17</Atomicity>
			<MassAverage>35.453</MassAverage>
			<MassAverageUncertainty>0.002</MassAverageUncertainty>
			<Isotope>
				<IsotopeNumber>35</IsotopeNumber>
				<Mass>34.968852714</Mass>
				<Probability>0.7577145</Probability>
			</Isotope>
			<Isotope>
				<IsotopeNumber>37</IsotopeNumber>
				<Mass>36.965902605</Mass>
				<Probability>0.2422945</Probability>
			</Isotope>
		</Element>
		<Element>
			<Symbol>Ar</Symbol>
			<Name>Argon</Name>
			<NumIsotopes>3</NumIsotopes>
			<Atomicity>18</Atomicity>
			<MassAverage>39.948</MassAverage>
			<MassAverageUncertainty>0.001</MassAverageUncertainty>
			<Isotope>
				<IsotopeNumber>36</IsotopeNumber>
				<Mass>35.96754</Mass>
				<Probability>0.00337</Probability>
			</Isotope>
			<Isotope>
				<IsotopeNumber>38</IsotopeNumber>
				<Mass>37.96273</Mass>
				<Probability>0.00063</Probability>
			</Isotope>
			<Isotope>
				<IsotopeNumber>40</IsotopeNumber>
				<Mass>39.96238</Mass>
				<Probability>0.996</Probability>
			</Isotope>
		</Element>
		<Element>
			<Symbol>K</Symbol>
			<Name>Potassium</Name>
			<NumIsotopes>3</NumIsotopes>
			<Atomicity>19</Atomicity>
			<MassAverage>39.0983</MassAverage>
			<MassAverageUncertainty>0.0001</MassAverageUncertainty>
			<Isotope>
				<IsotopeNumber>39</IsotopeNumber>
				<Mass>38.96370693</Mass>
				<Probability>0.9325811292</Probability>
			</Isotope>
			<Isotope>
				<IsotopeNumber>40</IsotopeNumber>
				<Mass>39.9639986729</Mass>
				<Probability>0.0001167241</Probability>
			</Isotope>
			<Isotope>
				<IsotopeNumber>41</IsotopeNumber>
				<Mass>40.9618259728</Mass>
				<Probability>0.0673022292</Probability>
			</Isotope>
		</Element>
		<Element>
			<Symbol>Ca</Symbol>
			<Name>Calcium</Name>
			<NumIsotopes>6</NumIsotopes>
			<Atomicity>20</Atomicity>
			<MassAverage>40.078</MassAverage>
			<MassAverageUncertainty>0.004</MassAverageUncertainty>
			<Isotope>
				<IsotopeNumber>40</IsotopeNumber>
				<Mass>39.96259123</Mass>
				<Probability>0.969416</Probability>
			</Isotope>
			<Isotope>
				<IsotopeNumber>42</IsotopeNumber>
				<Mass>41.95861834</Mass>
				<Probability>0.006473</Probability>
			</Isotope>
			<Isotope>
				<IsotopeNumber>43</IsotopeNumber>
				<Mass>42.95876685</Mass>
				<Probability>0.001352</Probability>
			</Isotope>
			<Isotope>
				<IsotopeNumber>44</IsotopeNumber>
				<Mass>43.95548119</Mass>
				<Probability>0.020864</Probability>
			</Isotope>
			<Isotope>
				<IsotopeNumber>46</IsotopeNumber>
				<Mass>45.953692725</Mass>
				<Probability>0.000041</Probability>
			</Isotope>
			<Isotope>
				<IsotopeNumber>48</IsotopeNumber>
				<Mass>47.9525334</Mass>
				<Probability>0.001871</Probability>
			</Isotope>
		</Element>
		<Element>
			<Symbol>Sc</Symbol>
			<Name>Scandium</Name>
			<NumIsotopes>1</NumIsotopes>
			<Atomicity>21</Atomicity>
			<MassAverage>44.955912</MassAverage>
			<MassAverageUncertainty>0.000006</MassAverageUncertainty>

			<Isotope>
				<IsotopeNumber>45</IsotopeNumber>
				<Mass>44.95591</Mass>
				<Probability>1</Probability>
			</Isotope>
		</Element>
		<Element>
			<Symbol>Ti</Symbol>
			<Name>Titanium</Name>
			<NumIsotopes>5</NumIsotopes>
			<Atomicity>22</Atomicity>
			<MassAverage>47.867</MassAverage>
			<MassAverageUncertainty>0.001</MassAverageUncertainty>
			<Isotope>
				<IsotopeNumber>46</IsotopeNumber>
				<Mass>45.95263</Mass>
				<Probability>0.08</Probability>
			</Isotope>
			<Isotope>
				<IsotopeNumber>47</IsotopeNumber>
				<Mass>46.95176</Mass>
				<Probability>0.073</Probability>
			</Isotope>
			<Isotope>
				<IsotopeNumber>48</IsotopeNumber>
				<Mass>47.94795</Mass>
				<Probability>0.738</Probability>
			</Isotope>
			<Isotope>
				<IsotopeNumber>49</IsotopeNumber>
				<Mass>48.94787</Mass>
				<Probability>0.055</Probability>
			</Isotope>
			<Isotope>
				<IsotopeNumber>50</IsotopeNumber>
				<Mass>49.94479</Mass>
				<Probability>0.054</Probability>
			</Isotope>
		</Element>
		<Element>
			<Symbol>V</Symbol>
			<Name>Vanadium</Name>
			<NumIsotopes>2</NumIsotopes>
			<Atomicity>23</Atomicity>
			<MassAverage>50.9415</MassAverage>
			<MassAverageUncertainty>0.0001</MassAverageUncertainty>
			<Isotope>
				<IsotopeNumber>50</IsotopeNumber>
				<Mass>49.94716</Mass>
				<Probability>0.0025</Probability>
			</Isotope>
			<Isotope>
				<IsotopeNumber>51</IsotopeNumber>
				<Mass>50.94396</Mass>
				<Probability>0.9975</Probability>
			</Isotope>
		</Element>
		<Element>
			<Symbol>Cr</Symbol>
			<Name>Chromium</Name>
			<NumIsotopes>4</NumIsotopes>
			<Atomicity>24</Atomicity>
			<MassAverage>51.9961</MassAverage>
			<MassAverageUncertainty>0.0006</MassAverageUncertainty>
			<Isotope>
				<IsotopeNumber>50</IsotopeNumber>
				<Mass>49.94604</Mass>
				<Probability>0.04345</Probability>
			</Isotope>
			<Isotope>
				<IsotopeNumber>52</IsotopeNumber>
				<Mass>51.94051</Mass>
				<Probability>0.8379</Probability>
			</Isotope>
			<Isotope>
				<IsotopeNumber>53</IsotopeNumber>
				<Mass>52.94065</Mass>
				<Probability>0.095</Probability>
			</Isotope>
			<Isotope>
				<IsotopeNumber>54</IsotopeNumber>
				<Mass>53.93888</Mass>
				<Probability>0.02365</Probability>
			</Isotope>
		</Element>
		<Element>
			<Symbol>Mn</Symbol>
			<Name>Manganese</Name>
			<NumIsotopes>1</NumIsotopes>
			<Atomicity>25</Atomicity>
			<MassAverage>54.938045</MassAverage>
			<MassAverageUncertainty>0.000005</MassAverageUncertainty>
			<Isotope>
				<IsotopeNumber>55</IsotopeNumber>
				<Mass>54.93805</Mass>
				<Probability>1</Probability>
			</Isotope>
		</Element>
		<Element>
			<Symbol>Fe</Symbol>
			<Name>Iron</Name>
			<NumIsotopes>4</NumIsotopes>
			<Atomicity>26</Atomicity>
			<MassAverage>55.845</MassAverage>
			<MassAverageUncertainty>0.002</MassAverageUncertainty>
			<Isotope>
				<IsotopeNumber>54</IsotopeNumber>
				<Mass>53.93961</Mass>
				<Probability>0.059</Probability>
			</Isotope>
			<Isotope>
				<IsotopeNumber>56</IsotopeNumber>
				<Mass>55.93494</Mass>
				<Probability>0.9172</Probability>
			</Isotope>
			<Isotope>
				<IsotopeNumber>57</IsotopeNumber>
				<Mass>56.93539</Mass>
				<Probability>0.021</Probability>
			</Isotope>
			<Isotope>
				<IsotopeNumber>58</IsotopeNumber>
				<Mass>57.93328</Mass>
				<Probability>0.0028</Probability>
			</Isotope>
		</Element>
		<Element>
			<Symbol>Co</Symbol>
			<Name>Cobalt</Name>
			<NumIsotopes>1</NumIsotopes>
			<Atomicity>27</Atomicity>
			<MassAverage>58.933195</MassAverage>
			<MassAverageUncertainty>0.000005</MassAverageUncertainty>
			<Isotope>
				<IsotopeNumber>59</IsotopeNumber>
				<Mass>58.9332</Mass>
				<Probability>1</Probability>
			</Isotope>
		</Element>
		<Element>
			<Symbol>Ni</Symbol>
			<Name>Nickel</Name>
			<NumIsotopes>5</NumIsotopes>
			<Atomicity>28</Atomicity>
			<MassAverage>58.6934</MassAverage>
			<MassAverageUncertainty>0.0004</MassAverageUncertainty>
			<Isotope>
				<IsotopeNumber>58</IsotopeNumber>
				<Mass>57.93534</Mass>
				<Probability>0.6827</Probability>
			</Isotope>
			<Isotope>
				<IsotopeNumber>60</IsotopeNumber>
				<Mass>59.93079</Mass>
				<Probability>0.261</Probability>
			</Isotope>
			<Isotope>
				<IsotopeNumber>61</IsotopeNumber>
				<Mass>60.93106</Mass>
				<Probability>0.0113</Probability>
			</Isotope>
			<Isotope>
				<IsotopeNumber>62</IsotopeNumber>
				<Mass>61.92834</Mass>
				<Probability>0.0359</Probability>
			</Isotope>
			<Isotope>
				<IsotopeNumber>64</IsotopeNumber>
				<Mass>63.92797</Mass>
				<Probability>0.0091</Probability>
			</Isotope>
		</Element>
		<Element>
			<Symbol>Cu</Symbol>
			<Name>Copper</Name>
			<NumIsotopes>2</NumIsotopes>
			<Atomicity>29</Atomicity>
			<MassAverage>63.546</MassAverage>
			<MassAverageUncertainty>0.003</MassAverageUncertainty>
			<Isotope>
				<IsotopeNumber>63</IsotopeNumber>
				<Mass>62.9396</Mass>
				<Probability>0.6917</Probability>
			</Isotope>
			<Isotope>
				<IsotopeNumber>65</IsotopeNumber>
				<Mass>64.9278</Mass>
				<Probability>0.3083</Probability>
			</Isotope>
		</Element>
		<Element>
			<Symbol>Zn</Symbol>
			<Name>Zinc</Name>
			<NumIsotopes>5</NumIsotopes>
			<Atomicity>30</Atomicity>
			<MassAverage>65.38</MassAverage>
			<MassAverageUncertainty>0.02</MassAverageUncertainty>
			<Isotope>
				<IsotopeNumber>64</IsotopeNumber>
				<Mass>63.92915</Mass>
				<Probability>0.486</Probability>
			</Isotope>
			<Isotope>
				<IsotopeNumber>66</IsotopeNumber>
				<Mass>65.92603</Mass>
				<Probability>0.279</Probability>
			</Isotope>
			<Isotope>
				<IsotopeNumber>67</IsotopeNumber>
				<Mass>66.92713</Mass>
				<Probability>0.041</Probability>
			</Isotope>
			<Isotope>
				<IsotopeNumber>68</IsotopeNumber>
				<Mass>67.92484</Mass>
				<Probability>0.188</Probability>
			</Isotope>
			<Isotope>
				<IsotopeNumber>70</IsotopeNumber>
				<Mass>69.92532</Mass>
				<Probability>0.006</Probability>
			</Isotope>
		</Element>
		<Element>
			<Symbol>Ga</Symbol>
			<Name>Gallium</Name>
			<NumIsotopes>2</NumIsotopes>
			<Atomicity>31</Atomicity>
			<MassAverage>69.723</MassAverage>
			<MassAverageUncertainty>0.001</MassAverageUncertainty>
			<Isotope>
				<IsotopeNumber>69</IsotopeNumber>
				<Mass>68.92558</Mass>
				<Probability>0.60108</Probability>
			</Isotope>
			<Isotope>
				<IsotopeNumber>71</IsotopeNumber>
				<Mass>70.9247</Mass>
				<Probability>0.39892</Probability>
			</Isotope>
		</Element>
		<Element>
			<Symbol>Ge</Symbol>
			<Name>Germanium</Name>
			<NumIsotopes>5</NumIsotopes>
			<Atomicity>32</Atomicity>
			<MassAverage>72.64</MassAverage>
			<MassAverageUncertainty>0.01</MassAverageUncertainty>
			<Isotope>
				<IsotopeNumber>70</IsotopeNumber>
				<Mass>69.92425</Mass>
				<Probability>0.205</Probability>
			</Isotope>
			<Isotope>
				<IsotopeNumber>72</IsotopeNumber>
				<Mass>71.92208</Mass>
				<Probability>0.274</Probability>
			</Isotope>
			<Isotope>
				<IsotopeNumber>73</IsotopeNumber>
				<Mass>72.92346</Mass>
				<Probability>0.078</Probability>
			</Isotope>
			<Isotope>
				<IsotopeNumber>74</IsotopeNumber>
				<Mass>73.92118</Mass>
				<Probability>0.365</Probability>
			</Isotope>
			<Isotope>
				<IsotopeNumber>76</IsotopeNumber>
				<Mass>75.9214</Mass>
				<Probability>0.078</Probability>
			</Isotope>
		</Element>
		<Element>
			<Symbol>As</Symbol>
			<Name>Arsenic</Name>
			<NumIsotopes>1</NumIsotopes>
			<Atomicity>33</Atomicity>
			<MassAverage>74.9216</MassAverage>
			<MassAverageUncertainty>0.0002</MassAverageUncertainty>
			<Isotope>
				<IsotopeNumber>75</IsotopeNumber>
				<Mass>74.92159</Mass>
				<Probability>1</Probability>
			</Isotope>
		</Element>
		<Element>
			<Symbol>Se</Symbol>
			<Name>Selenium</Name>
			<NumIsotopes>6</NumIsotopes>
			<Atomicity>34</Atomicity>
			<MassAverage>78.96</MassAverage>
			<MassAverageUncertainty>0.03</MassAverageUncertainty>
			<Isotope>
				<IsotopeNumber>74</IsotopeNumber>
				<Mass>73.92248</Mass>
				<Probability>0.009</Probability>
			</Isotope>
			<Isotope>
				<IsotopeNumber>76</IsotopeNumber>
				<Mass>75.91921</Mass>
				<Probability>0.091</Probability>
			</Isotope>
			<Isotope>
				<IsotopeNumber>77</IsotopeNumber>
				<Mass>76.91991</Mass>
				<Probability>0.076</Probability>
			</Isotope>
			<Isotope>
				<IsotopeNumber>78</IsotopeNumber>
				<Mass>77.919</Mass>
				<Probability>0.236</Probability>
			</Isotope>
			<Isotope>
				<IsotopeNumber>80</IsotopeNumber>
				<Mass>79.91652</Mass>
				<Probability>0.499</Probability>
			</Isotope>
			<Isotope>
				<IsotopeNumber>82</IsotopeNumber>
				<Mass>81.91669</Mass>
				<Probability>0.089</Probability>
			</Isotope>
		</Element>
		<Element>
			<Symbol>Br</Symbol>
			<Name>Bromine</Name>
			<NumIsotopes>2</NumIsotopes>
			<Atomicity>35</Atomicity>
			<MassAverage>79.904</MassAverage>
			<MassAverageUncertainty>0.001</MassAverageUncertainty>
			<Isotope>
				<IsotopeNumber>79</IsotopeNumber>
				<Mass>78.91833</Mass>
				<Probability>0.5069</Probability>
			</Isotope>
			<Isotope>
				<IsotopeNumber>81</IsotopeNumber>
				<Mass>80.91629</Mass>
				<Probability>0.4931</Probability>
			</Isotope>
		</Element>
		<Element>
			<Symbol>Kr</Symbol>
			<Name>Krypton</Name>
			<NumIsotopes>6</NumIsotopes>
			<Atomicity>36</Atomicity>
			<MassAverage>83.798</MassAverage>
			<MassAverageUncertainty>0.002</MassAverageUncertainty>
			<Isotope>
				<IsotopeNumber>78</IsotopeNumber>
				<Mass>77.914</Mass>
				<Probability>0.0035</Probability>
			</Isotope>
			<Isotope>
				<IsotopeNumber>80</IsotopeNumber>
				<Mass>79.91638</Mass>
				<Probability>0.0225</Probability>
			</Isotope>
			<Isotope>
				<IsotopeNumber>82</IsotopeNumber>
				<Mass>81.91348</Mass>
				<Probability>0.116</Probability>
			</Isotope>
			<Isotope>
				<IsotopeNumber>83</IsotopeNumber>
				<Mass>82.91414</Mass>
				<Probability>0.115</Probability>
			</Isotope>
			<Isotope>
				<IsotopeNumber>84</IsotopeNumber>
				<Mass>83.91151</Mass>
				<Probability>0.57</Probability>
			</Isotope>
			<Isotope>
				<IsotopeNumber>86</IsotopeNumber>
				<Mass>85.91061</Mass>
				<Probability>0.173</Probability>
			</Isotope>
		</Element>
		<Element>
			<Symbol>Rb</Symbol>
			<Name>Rubidium</Name>
			<NumIsotopes>2</NumIsotopes>
			<Atomicity>37</Atomicity>
			<MassAverage>85.4678</MassAverage>
			<MassAverageUncertainty>0.0003</MassAverageUncertainty>
			<Isotope>
				<IsotopeNumber>85</IsotopeNumber>
				<Mass>84.9118</Mass>
				<Probability>0.7217</Probability>
			</Isotope>
			<Isotope>
				<IsotopeNumber>87</IsotopeNumber>
				<Mass>86.90919</Mass>
				<Probability>0.2783</Probability>
			</Isotope>
		</Element>
		<Element>
			<Symbol>Sr</Symbol>
			<Name>Strontium</Name>
			<NumIsotopes>4</NumIsotopes>
			<Atomicity>38</Atomicity>
			<MassAverage>87.62</MassAverage>
			<MassAverageUncertainty>0.01</MassAverageUncertainty>
			<Isotope>
				<IsotopeNumber>84</IsotopeNumber>
				<Mass>83.91343</Mass>
				<Probability>0.0056</Probability>
			</Isotope>
			<Isotope>
				<IsotopeNumber>86</IsotopeNumber>
				<Mass>85.90926</Mass>
				<Probability>0.0986</Probability>
			</Isotope>
			<Isotope>
				<IsotopeNumber>87</IsotopeNumber>
				<Mass>86.90888</Mass>
				<Probability>0.07</Probability>
			</Isotope>
			<Isotope>
				<IsotopeNumber>88</IsotopeNumber>
				<Mass>87.90562</Mass>
				<Probability>0.8258</Probability>
			</Isotope>
		</Element>
		<Element>
			<Symbol>Y</Symbol>
			<Name>Yttrium</Name>
			<NumIsotopes>1</NumIsotopes>
			<Atomicity>39</Atomicity>
			<MassAverage>88.90585</MassAverage>
			<MassAverageUncertainty>0.00002</MassAverageUncertainty>
			<Isotope>
				<IsotopeNumber>89</IsotopeNumber>
				<Mass>88.90585</Mass>
				<Probability>1</Probability>
			</Isotope>
		</Element>
		<Element>
			<Symbol>Zr</Symbol>
			<Name>Zirconium</Name>
			<NumIsotopes>5</NumIsotopes>
			<Atomicity>40</Atomicity>
			<MassAverage>91.224</MassAverage>
			<MassAverageUncertainty>0.002</MassAverageUncertainty>
			<Isotope>
				<IsotopeNumber>90</IsotopeNumber>
				<Mass>89.9047</Mass>
				<Probability>0.5145</Probability>
			</Isotope>
			<Isotope>
				<IsotopeNumber>91</IsotopeNumber>
				<Mass>90.90565</Mass>
				<Probability>0.1122</Probability>
			</Isotope>
			<Isotope>
				<IsotopeNumber>92</IsotopeNumber>
				<Mass>91.90504</Mass>
				<Probability>0.1715</Probability>
			</Isotope>
			<Isotope>
				<IsotopeNumber>94</IsotopeNumber>
				<Mass>93.90631</Mass>
				<Probability>0.1738</Probability>
			</Isotope>
			<Isotope>
				<IsotopeNumber>96</IsotopeNumber>
				<Mass>95.90827</Mass>
				<Probability>0.028</Probability>
			</Isotope>
		</Element>
		<Element>
			<Symbol>Nb</Symbol>
			<Name>Niobium</Name>
			<NumIsotopes>1</NumIsotopes>
			<Atomicity>41</Atomicity>
			<MassAverage>92.90638</MassAverage>
			<MassAverageUncertainty>0.00002</MassAverageUncertainty>
			<Isotope>
				<IsotopeNumber>93</IsotopeNumber>
				<Mass>92.90638</Mass>
				<Probability>1</Probability>
			</Isotope>
		</Element>
		<Element>
			<Symbol>Mo</Symbol>
			<Name>Molybdenum</Name>
			<NumIsotopes>7</NumIsotopes>
			<Atomicity>42</Atomicity>
			<MassAverage>95.96</MassAverage>
			<MassAverageUncertainty>0.02</MassAverageUncertainty>
			<Isotope>
				<IsotopeNumber>92</IsotopeNumber>
				<Mass>91.90681</Mass>
				<Probability>0.1484</Probability>
			</Isotope>
			<Isotope>
				<IsotopeNumber>94</IsotopeNumber>
				<Mass>93.90508</Mass>
				<Probability>0.0925</Probability>
			</Isotope>
			<Isotope>
				<IsotopeNumber>95</IsotopeNumber>
				<Mass>94.90584</Mass>
				<Probability>0.1592</Probability>
			</Isotope>
			<Isotope>
				<IsotopeNumber>96</IsotopeNumber>
				<Mass>95.90468</Mass>
				<Probability>0.1668</Probability>
			</Isotope>
			<Isotope>
				<IsotopeNumber>97</IsotopeNumber>
				<Mass>96.90602</Mass>
				<Probability>0.0955</Probability>
			</Isotope>
			<Isotope>
				<IsotopeNumber>98</IsotopeNumber>
				<Mass>97.9054</Mass>
				<Probability>0.2413</Probability>
			</Isotope>
			<Isotope>
				<IsotopeNumber>100</IsotopeNumber>
				<Mass>99.90748</Mass>
				<Probability>0.0963</Probability>
			</Isotope>
		</Element>
		<Element>
			<Symbol>Tc</Symbol>
			<Name>Technetium</Name>
			<NumIsotopes>1</NumIsotopes>
			<Atomicity>43</Atomicity>
			<MassAverage>98</MassAverage>
			<MassAverageUncertainty>0</MassAverageUncertainty>
			<Isotope>
				<IsotopeNumber>98</IsotopeNumber>
				<Mass>98</Mass>
				<Probability>1</Probability>
			</Isotope>
		</Element>
		<Element>
			<Symbol>Ru</Symbol>
			<Name>Ruthenium</Name>
			<NumIsotopes>7</NumIsotopes>
			<Atomicity>44</Atomicity>
			<MassAverage>101.07</MassAverage>
			<MassAverageUncertainty>0.02</MassAverageUncertainty>
			<Isotope>
				<IsotopeNumber>96</IsotopeNumber>
				<Mass>95.9076</Mass>
				<Probability>0.0554</Probability>
			</Isotope>
			<Isotope>
				<IsotopeNumber>98</IsotopeNumber>
				<Mass>97.90529</Mass>
				<Probability>0.0186</Probability>
			</Isotope>
			<Isotope>
				<IsotopeNumber>99</IsotopeNumber>
				<Mass>98.90594</Mass>
				<Probability>0.127</Probability>
			</Isotope>
			<Isotope>
				<IsotopeNumber>100</IsotopeNumber>
				<Mass>99.90422</Mass>
				<Probability>0.126</Probability>
			</Isotope>
			<Isotope>
				<IsotopeNumber>101</IsotopeNumber>
				<Mass>100.9056</Mass>
				<Probability>0.171</Probability>
			</Isotope>
			<Isotope>
				<IsotopeNumber>102</IsotopeNumber>
				<Mass>101.9044</Mass>
				<Probability>0.316</Probability>
			</Isotope>
			<Isotope>
				<IsotopeNumber>104</IsotopeNumber>
				<Mass>103.9054</Mass>
				<Probability>0.186</Probability>
			</Isotope>
		</Element>
		<Element>
			<Symbol>Rh</Symbol>
			<Name>Rhodium</Name>
			<NumIsotopes>1</NumIsotopes>
			<Atomicity>45</Atomicity>
			<MassAverage>102.9055</MassAverage>
			<MassAverageUncertainty>0.0002</MassAverageUncertainty>

			<Isotope>
				<IsotopeNumber>103</IsotopeNumber>
				<Mass>102.9055</Mass>
				<Probability>1</Probability>
			</Isotope>
		</Element>
		<Element>
			<Symbol>Pd</Symbol>
			<Name> Palladium</Name>
			<NumIsotopes>6</NumIsotopes>
			<Atomicity>46</Atomicity>
			<MassAverage>106.42</MassAverage>
			<MassAverageUncertainty>0.01</MassAverageUncertainty>
			<Isotope>
				<IsotopeNumber>102</IsotopeNumber>
				<Mass>101.9056</Mass>
				<Probability>0.0102</Probability>
			</Isotope>
			<Isotope>
				<IsotopeNumber>104</IsotopeNumber>
				<Mass>103.904</Mass>
				<Probability>0.1114</Probability>
			</Isotope>
			<Isotope>
				<IsotopeNumber>105</IsotopeNumber>
				<Mass>104.9051</Mass>
				<Probability>0.2233</Probability>
			</Isotope>
			<Isotope>
				<IsotopeNumber>106</IsotopeNumber>
				<Mass>105.9035</Mass>
				<Probability>0.2733</Probability>
			</Isotope>
			<Isotope>
				<IsotopeNumber>108</IsotopeNumber>
				<Mass>107.9039</Mass>
				<Probability>0.2646</Probability>
			</Isotope>
			<Isotope>
				<IsotopeNumber>110</IsotopeNumber>
				<Mass>109.9052</Mass>
				<Probability>0.1172</Probability>
			</Isotope>
		</Element>
		<Element>
			<Symbol>Ag</Symbol>
			<Name>Silver</Name>
			<NumIsotopes>2</NumIsotopes>
			<Atomicity>47</Atomicity>
			<MassAverage>107.8682</MassAverage>
			<MassAverageUncertainty>0.0002</MassAverageUncertainty>
			<Isotope>
				<IsotopeNumber>107</IsotopeNumber>
				<Mass>106.9051</Mass>
				<Probability>0.51839</Probability>
			</Isotope>
			<Isotope>
				<IsotopeNumber>109</IsotopeNumber>
				<Mass>108.9048</Mass>
				<Probability>0.48161</Probability>
			</Isotope>
		</Element>
		<Element>
			<Symbol>Cd</Symbol>
			<Name>Cadmium</Name>
			<NumIsotopes>8</NumIsotopes>
			<Atomicity>48</Atomicity>
			<MassAverage>112.411</MassAverage>
			<MassAverageUncertainty>0.008</MassAverageUncertainty>
			<Isotope>
				<IsotopeNumber>106</IsotopeNumber>
				<Mass>105.9065</Mass>
				<Probability>0.0125</Probability>
			</Isotope>
			<Isotope>
				<IsotopeNumber>108</IsotopeNumber>
				<Mass>107.9042</Mass>
				<Probability>0.0089</Probability>
			</Isotope>
			<Isotope>
				<IsotopeNumber>110</IsotopeNumber>
				<Mass>109.903</Mass>
				<Probability>0.1249</Probability>
			</Isotope>
			<Isotope>
				<IsotopeNumber>111</IsotopeNumber>
				<Mass>110.9042</Mass>
				<Probability>0.128</Probability>
			</Isotope>
			<Isotope>
				<IsotopeNumber>112</IsotopeNumber>
				<Mass>111.9028</Mass>
				<Probability>0.2413</Probability>
			</Isotope>
			<Isotope>
				<IsotopeNumber>113</IsotopeNumber>
				<Mass>112.9044</Mass>
				<Probability>0.1222</Probability>
			</Isotope>
			<Isotope>
				<IsotopeNumber>114</IsotopeNumber>
				<Mass>113.9034</Mass>
				<Probability>0.2873</Probability>
			</Isotope>
			<Isotope>
				<IsotopeNumber>116</IsotopeNumber>
				<Mass>115.9048</Mass>
				<Probability>0.0749</Probability>
			</Isotope>
		</Element>
		<Element>
			<Symbol>In</Symbol>
			<Name>Indium</Name>
			<NumIsotopes>2</NumIsotopes>
			<Atomicity>49</Atomicity>
			<MassAverage>114.818</MassAverage>
			<MassAverageUncertainty>0.003</MassAverageUncertainty>
			<Isotope>
				<IsotopeNumber>113</IsotopeNumber>
				<Mass>112.9041</Mass>
				<Probability>0.043</Probability>
			</Isotope>
			<Isotope>
				<IsotopeNumber>115</IsotopeNumber>
				<Mass>114.9039</Mass>
				<Probability>0.957</Probability>
			</Isotope>
		</Element>
		<Element>
			<Symbol>Sn</Symbol>
			<Name>Tin</Name>
			<NumIsotopes>10</NumIsotopes>
			<Atomicity>50</Atomicity>
			<MassAverage>118.71</MassAverage>
			<MassAverageUncertainty>0.07</MassAverageUncertainty>
			<Isotope>
				<IsotopeNumber>112</IsotopeNumber>
				<Mass>111.9048</Mass>
				<Probability>0.0097</Probability>
			</Isotope>
			<Isotope>
				<IsotopeNumber>114</IsotopeNumber>
				<Mass>113.9028</Mass>
				<Probability>0.0065</Probability>
			</Isotope>
			<Isotope>
				<IsotopeNumber>115</IsotopeNumber>
				<Mass>114.9034</Mass>
				<Probability>0.0036</Probability>
			</Isotope>
			<Isotope>
				<IsotopeNumber>116</IsotopeNumber>
				<Mass>115.9017</Mass>
				<Probability>0.1453</Probability>
			</Isotope>
			<Isotope>
				<IsotopeNumber>117</IsotopeNumber>
				<Mass>116.903</Mass>
				<Probability>0.0768</Probability>
			</Isotope>
			<Isotope>
				<IsotopeNumber>118</IsotopeNumber>
				<Mass>117.9016</Mass>
				<Probability>0.2422</Probability>
			</Isotope>
			<Isotope>
				<IsotopeNumber>119</IsotopeNumber>
				<Mass>118.9033</Mass>
				<Probability>0.0858</Probability>
			</Isotope>
			<Isotope>
				<IsotopeNumber>120</IsotopeNumber>
				<Mass>119.9022</Mass>
				<Probability>0.3259</Probability>
			</Isotope>
			<Isotope>
				<IsotopeNumber>122</IsotopeNumber>
				<Mass>121.9034</Mass>
				<Probability>0.0463</Probability>
			</Isotope>
			<Isotope>
				<IsotopeNumber>124</IsotopeNumber>
				<Mass>123.9053</Mass>
				<Probability>0.0579</Probability>
			</Isotope>
		</Element>
		<Element>
			<Symbol>Sb</Symbol>
			<Name>Antimony</Name>
			<NumIsotopes>2</NumIsotopes>
			<Atomicity>51</Atomicity>
			<MassAverage>121.76</MassAverage>
			<MassAverageUncertainty>0.01</MassAverageUncertainty>
			<Isotope>
				<IsotopeNumber>121</IsotopeNumber>
				<Mass>120.9038</Mass>
				<Probability>0.574</Probability>
			</Isotope>
			<Isotope>
				<IsotopeNumber>123</IsotopeNumber>
				<Mass>122.9042</Mass>
				<Probability>0.426</Probability>
			</Isotope>
		</Element>
		<Element>
			<Symbol>Te</Symbol>
			<Name>Tellurium</Name>
			<NumIsotopes>8</NumIsotopes>
			<Atomicity>52</Atomicity>
			<MassAverage>127.6</MassAverage>
			<MassAverageUncertainty>0.3</MassAverageUncertainty>
			<Isotope>
				<IsotopeNumber>120</IsotopeNumber>
				<Mass>119.904</Mass>
				<Probability>0.00095</Probability>
			</Isotope>
			<Isotope>
				<IsotopeNumber>122</IsotopeNumber>
				<Mass>121.9031</Mass>
				<Probability>0.0259</Probability>
			</Isotope>
			<Isotope>
				<IsotopeNumber>123</IsotopeNumber>
				<Mass>122.9043</Mass>
				<Probability>0.00905</Probability>
			</Isotope>
			<Isotope>
				<IsotopeNumber>124</IsotopeNumber>
				<Mass>123.9028</Mass>
				<Probability>0.0479</Probability>
			</Isotope>
			<Isotope>
				<IsotopeNumber>125</IsotopeNumber>
				<Mass>124.9044</Mass>
				<Probability>0.0712</Probability>
			</Isotope>
			<Isotope>
				<IsotopeNumber>126</IsotopeNumber>
				<Mass>125.9033</Mass>
				<Probability>0.1893</Probability>
			</Isotope>
			<Isotope>
				<IsotopeNumber>128</IsotopeNumber>
				<Mass>127.9045</Mass>
				<Probability>0.317</Probability>
			</Isotope>
			<Isotope>
				<IsotopeNumber>130</IsotopeNumber>
				<Mass>129.9062</Mass>
				<Probability>0.3387</Probability>
			</Isotope>
		</Element>
		<Element>
			<Symbol>I</Symbol>
			<Name>Iodine</Name>
			<NumIsotopes>1</NumIsotopes>
			<Atomicity>53</Atomicity>
			<MassAverage>126.90447</MassAverage>
			<MassAverageUncertainty>0.00003</MassAverageUncertainty>
			<Isotope>
				<IsotopeNumber>127</IsotopeNumber>
				<Mass>126.9045</Mass>
				<Probability>1</Probability>
			</Isotope>
		</Element>
		<Element>
			<Symbol>Xe</Symbol>
			<Name>Xenon</Name>
			<NumIsotopes>9</NumIsotopes>
			<Atomicity>54</Atomicity>
			<MassAverage>131.293</MassAverage>
			<MassAverageUncertainty>0.006</MassAverageUncertainty>
			<Isotope>
				<IsotopeNumber>124</IsotopeNumber>
				<Mass>123.9059</Mass>
				<Probability>0.001</Probability>
			</Isotope>
			<Isotope>
				<IsotopeNumber>126</IsotopeNumber>
				<Mass>125.9043</Mass>
				<Probability>0.0009</Probability>
			</Isotope>
			<Isotope>
				<IsotopeNumber>128</IsotopeNumber>
				<Mass>127.9035</Mass>
				<Probability>0.0191</Probability>
			</Isotope>
			<Isotope>
				<IsotopeNumber>129</IsotopeNumber>
				<Mass>128.9048</Mass>
				<Probability>0.264</Probability>
			</Isotope>
			<Isotope>
				<IsotopeNumber>130</IsotopeNumber>
				<Mass>129.9035</Mass>
				<Probability>0.041</Probability>
			</Isotope>
			<Isotope>
				<IsotopeNumber>131</IsotopeNumber>
				<Mass>130.9051</Mass>
				<Probability>0.212</Probability>
			</Isotope>
			<Isotope>
				<IsotopeNumber>132</IsotopeNumber>
				<Mass>131.9041</Mass>
				<Probability>0.269</Probability>
			</Isotope>
			<Isotope>
				<IsotopeNumber>134</IsotopeNumber>
				<Mass>133.9054</Mass>
				<Probability>0.104</Probability>
			</Isotope>
			<Isotope>
				<IsotopeNumber>136</IsotopeNumber>
				<Mass>135.9072</Mass>
				<Probability>0.089</Probability>
			</Isotope>
		</Element>
		<Element>
			<Symbol>Cs</Symbol>
			<Name>Cesium</Name>
			<NumIsotopes>1</NumIsotopes>
			<Atomicity>55</Atomicity>
			<MassAverage>132.9054519</MassAverage>
			<MassAverageUncertainty>0.0000002</MassAverageUncertainty>
			<Isotope>
				<IsotopeNumber>133</IsotopeNumber>
				<Mass>132.9054</Mass>
				<Probability>1</Probability>
			</Isotope>
		</Element>
		<Element>
			<Symbol>Ba</Symbol>
			<Name>Barium</Name>
			<NumIsotopes>7</NumIsotopes>
			<Atomicity>56</Atomicity>
			<MassAverage>137.327</MassAverage>
			<MassAverageUncertainty>0.007</MassAverageUncertainty>
			<Isotope>
				<IsotopeNumber>130</IsotopeNumber>
				<Mass>129.9063</Mass>
				<Probability>0.00106</Probability>
			</Isotope>
			<Isotope>
				<IsotopeNumber>132</IsotopeNumber>
				<Mass>131.905</Mass>
				<Probability>0.00101</Probability>
			</Isotope>
			<Isotope>
				<IsotopeNumber>134</IsotopeNumber>
				<Mass>133.9045</Mass>
				<Probability>0.0242</Probability>
			</Isotope>
			<Isotope>
				<IsotopeNumber>135</IsotopeNumber>
				<Mass>134.9057</Mass>
				<Probability>0.06593</Probability>
			</Isotope>
			<Isotope>
				<IsotopeNumber>136</IsotopeNumber>
				<Mass>135.9046</Mass>
				<Probability>0.0785</Probability>
			</Isotope>
			<Isotope>
				<IsotopeNumber>137</IsotopeNumber>
				<Mass>136.9058</Mass>
				<Probability>0.1123</Probability>
			</Isotope>
			<Isotope>
				<IsotopeNumber>138</IsotopeNumber>
				<Mass>137.9052</Mass>
				<Probability>0.717</Probability>
			</Isotope>
		</Element>
		<Element>
			<Symbol>La</Symbol>
			<Name>Lanthanum</Name>
			<NumIsotopes>2</NumIsotopes>
			<Atomicity>57</Atomicity>
			<MassAverage>138.90547</MassAverage>
			<MassAverageUncertainty>0.00007</MassAverageUncertainty>
			<Isotope>
				<IsotopeNumber>138</IsotopeNumber>
				<Mass>137.9071</Mass>
				<Probability>0.0009</Probability>
			</Isotope>
			<Isotope>
				<IsotopeNumber>139</IsotopeNumber>
				<Mass>138.9063</Mass>
				<Probability>0.9991</Probability>
			</Isotope>
		</Element>
		<Element>
			<Symbol>Ce</Symbol>
			<Name>Cerium</Name>
			<NumIsotopes>4</NumIsotopes>
			<Atomicity>58</Atomicity>
			<MassAverage>140.116</MassAverage>
			<MassAverageUncertainty>0.001</MassAverageUncertainty>
			<Isotope>
				<IsotopeNumber>136</IsotopeNumber>
				<Mass>135.9071</Mass>
				<Probability>0.0019</Probability>
			</Isotope>
			<Isotope>
				<IsotopeNumber>138</IsotopeNumber>
				<Mass>137.906</Mass>
				<Probability>0.0025</Probability>
			</Isotope>
			<Isotope>
				<IsotopeNumber>140</IsotopeNumber>
				<Mass>139.9054</Mass>
				<Probability>0.8843</Probability>
			</Isotope>
			<Isotope>
				<IsotopeNumber>142</IsotopeNumber>
				<Mass>141.9092</Mass>
				<Probability>0.1113</Probability>
			</Isotope>
		</Element>
		<Element>
			<Symbol>Pr</Symbol>
			<Name>Praseodymium</Name>
			<NumIsotopes>1</NumIsotopes>
			<Atomicity>59</Atomicity>
			<MassAverage>140.90765</MassAverage>
			<MassAverageUncertainty>0.00002</MassAverageUncertainty>
			<Isotope>
				<IsotopeNumber>141</IsotopeNumber>
				<Mass>140.9077</Mass>
				<Probability>1</Probability>
			</Isotope>
		</Element>
		<Element>
			<Symbol>Nd</Symbol>
			<Name>Neodymium</Name>
			<NumIsotopes>7</NumIsotopes>
			<Atomicity>60</Atomicity>
			<MassAverage>144.242</MassAverage>
			<MassAverageUncertainty>0.003</MassAverageUncertainty>
			<Isotope>
				<IsotopeNumber>142</IsotopeNumber>
				<Mass>141.9077</Mass>
				<Probability>0.2713</Probability>
			</Isotope>
			<Isotope>
				<IsotopeNumber>143</IsotopeNumber>
				<Mass>142.9098</Mass>
				<Probability>0.1218</Probability>
			</Isotope>
			<Isotope>
				<IsotopeNumber>144</IsotopeNumber>
				<Mass>143.9101</Mass>
				<Probability>0.238</Probability>
			</Isotope>
			<Isotope>
				<IsotopeNumber>145</IsotopeNumber>
				<Mass>144.9126</Mass>
				<Probability>0.083</Probability>
			</Isotope>
			<Isotope>
				<IsotopeNumber>146</IsotopeNumber>
				<Mass>145.9131</Mass>
				<Probability>0.1719</Probability>
			</Isotope>
			<Isotope>
				<IsotopeNumber>148</IsotopeNumber>
				<Mass>147.9169</Mass>
				<Probability>0.0576</Probability>
			</Isotope>
			<Isotope>
				<IsotopeNumber>150</IsotopeNumber>
				<Mass>149.9209</Mass>
				<Probability>0.0564</Probability>
			</Isotope>
		</Element>
		<Element>
			<Symbol>Pm</Symbol>
			<Name>Promethium</Name>
			<NumIsotopes>1</NumIsotopes>
			<Atomicity>61</Atomicity>
			<MassAverage>145</MassAverage>
			<MassAverageUncertainty>0</MassAverageUncertainty>
			<Isotope>
				<IsotopeNumber>145</IsotopeNumber>
				<Mass>145</Mass>
				<Probability>1</Probability>
			</Isotope>
		</Element>
		<Element>
			<Symbol>Sm</Symbol>
			<Name>Samarium</Name>
			<NumIsotopes>7</NumIsotopes>
			<Atomicity>62</Atomicity>
			<MassAverage>150.36</MassAverage>
			<MassAverageUncertainty>0.02</MassAverageUncertainty>
			<Isotope>
				<IsotopeNumber>144</IsotopeNumber>
				<Mass>143.912</Mass>
				<Probability>0.031</Probability>
			</Isotope>
			<Isotope>
				<IsotopeNumber>147</IsotopeNumber>
				<Mass>146.9149</Mass>
				<Probability>0.15</Probability>
			</Isotope>
			<Isotope>
				<IsotopeNumber>148</IsotopeNumber>
				<Mass>147.9148</Mass>
				<Probability>0.113</Probability>
			</Isotope>
			<Isotope>
				<IsotopeNumber>149</IsotopeNumber>
				<Mass>148.9172</Mass>
				<Probability>0.138</Probability>
			</Isotope>
			<Isotope>
				<IsotopeNumber>150</IsotopeNumber>
				<Mass>149.9173</Mass>
				<Probability>0.074</Probability>
			</Isotope>
			<Isotope>
				<IsotopeNumber>152</IsotopeNumber>
				<Mass>151.9197</Mass>
				<Probability>0.267</Probability>
			</Isotope>
			<Isotope>
				<IsotopeNumber>154</IsotopeNumber>
				<Mass>153.9222</Mass>
				<Probability>0.227</Probability>
			</Isotope>
		</Element>
		<Element>
			<Symbol>Eu</Symbol>
			<Name>Europium</Name>
			<NumIsotopes>2</NumIsotopes>
			<Atomicity>63</Atomicity>
			<MassAverage>151.964</MassAverage>
			<MassAverageUncertainty>0.001</MassAverageUncertainty>
			<Isotope>
				<IsotopeNumber>151</IsotopeNumber>
				<Mass>150.9198</Mass>
				<Probability>0.478</Probability>
			</Isotope>
			<Isotope>
				<IsotopeNumber>153</IsotopeNumber>
				<Mass>152.9212</Mass>
				<Probability>0.522</Probability>
			</Isotope>
		</Element>
		<Element>
			<Symbol>Gd</Symbol>
			<Name>Gadolinium</Name>
			<NumIsotopes>7</NumIsotopes>
			<Atomicity>64</Atomicity>
			<MassAverage>157.25</MassAverage>
			<MassAverageUncertainty>0.03</MassAverageUncertainty>
			<Isotope>
				<IsotopeNumber>152</IsotopeNumber>
				<Mass>151.9198</Mass>
				<Probability>0.002</Probability>
			</Isotope>
			<Isotope>
				<IsotopeNumber>154</IsotopeNumber>
				<Mass>153.9209</Mass>
				<Probability>0.0218</Probability>
			</Isotope>
			<Isotope>
				<IsotopeNumber>155</IsotopeNumber>
				<Mass>154.9226</Mass>
				<Probability>0.148</Probability>
			</Isotope>
			<Isotope>
				<IsotopeNumber>156</IsotopeNumber>
				<Mass>155.9221</Mass>
				<Probability>0.2047</Probability>
			</Isotope>
			<Isotope>
				<IsotopeNumber>157</IsotopeNumber>
				<Mass>156.924</Mass>
				<Probability>0.1565</Probability>
			</Isotope>
			<Isotope>
				<IsotopeNumber>158</IsotopeNumber>
				<Mass>157.9241</Mass>
				<Probability>0.2484</Probability>
			</Isotope>
			<Isotope>
				<IsotopeNumber>160</IsotopeNumber>
				<Mass>159.927</Mass>
				<Probability>0.2186</Probability>
			</Isotope>
		</Element>
		<Element>
			<Symbol>Tb</Symbol>
			<Name>Terbium</Name>
			<NumIsotopes>1</NumIsotopes>
			<Atomicity>65</Atomicity>
			<MassAverage>158.92535</MassAverage>
			<MassAverageUncertainty>0.00002</MassAverageUncertainty>
			<Isotope>
				<IsotopeNumber>159</IsotopeNumber>
				<Mass>158.9253</Mass>
				<Probability>1</Probability>
			</Isotope>
		</Element>
		<Element>
			<Symbol>Dy</Symbol>
			<Name>Dysprosium</Name>
			<NumIsotopes>7</NumIsotopes>
			<Atomicity>66</Atomicity>
			<MassAverage>162.5</MassAverage>
			<MassAverageUncertainty>0.1</MassAverageUncertainty>
			<Isotope>
				<IsotopeNumber>156</IsotopeNumber>
				<Mass>155.9253</Mass>
				<Probability>0.0006</Probability>
			</Isotope>
			<Isotope>
				<IsotopeNumber>158</IsotopeNumber>
				<Mass>157.9244</Mass>
				<Probability>0.001</Probability>
			</Isotope>
			<Isotope>
				<IsotopeNumber>160</IsotopeNumber>
				<Mass>159.9252</Mass>
				<Probability>0.0234</Probability>
			</Isotope>
			<Isotope>
				<IsotopeNumber>161</IsotopeNumber>
				<Mass>160.9269</Mass>
				<Probability>0.189</Probability>
			</Isotope>
			<Isotope>
				<IsotopeNumber>162</IsotopeNumber>
				<Mass>161.9268</Mass>
				<Probability>0.255</Probability>
			</Isotope>
			<Isotope>
				<IsotopeNumber>163</IsotopeNumber>
				<Mass>162.9287</Mass>
				<Probability>0.249</Probability>
			</Isotope>
			<Isotope>
				<IsotopeNumber>164</IsotopeNumber>
				<Mass>163.9292</Mass>
				<Probability>0.282</Probability>
			</Isotope>
		</Element>
		<Element>
			<Symbol>Ho</Symbol>
			<Name>Holmium</Name>
			<NumIsotopes>1</NumIsotopes>
			<Atomicity>67</Atomicity>
			<MassAverage>164.93032</MassAverage>
			<MassAverageUncertainty>0.00002</MassAverageUncertainty>
			<Isotope>
				<IsotopeNumber>165</IsotopeNumber>
				<Mass>164.9303</Mass>
				<Probability>1</Probability>
			</Isotope>
		</Element>
		<Element>
			<Symbol>Er</Symbol>
			<Name>Erbium</Name>
			<NumIsotopes>6</NumIsotopes>
			<Atomicity>68</Atomicity>
			<MassAverage>167.259</MassAverage>
			<MassAverageUncertainty>0.003</MassAverageUncertainty>
			<Isotope>
				<IsotopeNumber>162</IsotopeNumber>
				<Mass>161.9288</Mass>
				<Probability>0.0014</Probability>
			</Isotope>
			<Isotope>
				<IsotopeNumber>164</IsotopeNumber>
				<Mass>163.9292</Mass>
				<Probability>0.0161</Probability>
			</Isotope>
			<Isotope>
				<IsotopeNumber>166</IsotopeNumber>
				<Mass>165.9303</Mass>
				<Probability>0.336</Probability>
			</Isotope>
			<Isotope>
				<IsotopeNumber>167</IsotopeNumber>
				<Mass>166.9321</Mass>
				<Probability>0.2295</Probability>
			</Isotope>
			<Isotope>
				<IsotopeNumber>168</IsotopeNumber>
				<Mass>167.9324</Mass>
				<Probability>0.268</Probability>
			</Isotope>
			<Isotope>
				<IsotopeNumber>170</IsotopeNumber>
				<Mass>169.9355</Mass>
				<Probability>0.149</Probability>
			</Isotope>
		</Element>
		<Element>
			<Symbol>Tm</Symbol>
			<Name>Thulium</Name>
			<NumIsotopes>1</NumIsotopes>
			<Atomicity>69</Atomicity>
			<MassAverage>168.93421</MassAverage>
			<MassAverageUncertainty>0.00002</MassAverageUncertainty>
			<Isotope>
				<IsotopeNumber>169</IsotopeNumber>
				<Mass>168.9342</Mass>
				<Probability>1</Probability>
			</Isotope>
		</Element>
		<Element>
			<Symbol>Yb</Symbol>
			<Name>Ytterbium</Name>
			<NumIsotopes>7</NumIsotopes>
			<Atomicity>70</Atomicity>
			<MassAverage>173.054</MassAverage>
			<MassAverageUncertainty>0.005</MassAverageUncertainty>
			<Isotope>
				<IsotopeNumber>168</IsotopeNumber>
				<Mass>167.9339</Mass>
				<Probability>0.0013</Probability>
			</Isotope>
			<Isotope>
				<IsotopeNumber>170</IsotopeNumber>
				<Mass>169.9348</Mass>
				<Probability>0.0305</Probability>
			</Isotope>
			<Isotope>
				<IsotopeNumber>171</IsotopeNumber>
				<Mass>170.9363</Mass>
				<Probability>0.143</Probability>
			</Isotope>
			<Isotope>
				<IsotopeNumber>172</IsotopeNumber>
				<Mass>171.9364</Mass>
				<Probability>0.219</Probability>
			</Isotope>
			<Isotope>
				<IsotopeNumber>173</IsotopeNumber>
				<Mass>172.9382</Mass>
				<Probability>0.1612</Probability>
			</Isotope>
			<Isotope>
				<IsotopeNumber>174</IsotopeNumber>
				<Mass>173.9389</Mass>
				<Probability>0.318</Probability>
			</Isotope>
			<Isotope>
				<IsotopeNumber>176</IsotopeNumber>
				<Mass>175.9426</Mass>
				<Probability>0.127</Probability>
			</Isotope>
		</Element>
		<Element>
			<Symbol>Lu</Symbol>
			<Name>Lutetium</Name>
			<NumIsotopes>2</NumIsotopes>
			<Atomicity>71</Atomicity>
			<MassAverage>174.9668</MassAverage>
			<MassAverageUncertainty>0.0001</MassAverageUncertainty>
			<Isotope>
				<IsotopeNumber>175</IsotopeNumber>
				<Mass>174.9408</Mass>
				<Probability>0.9741</Probability>
			</Isotope>
			<Isotope>
				<IsotopeNumber>176</IsotopeNumber>
				<Mass>175.9427</Mass>
				<Probability>0.0259</Probability>
			</Isotope>
		</Element>
		<Element>
			<Symbol>Hf</Symbol>
			<Name>Hafnium</Name>
			<NumIsotopes>6</NumIsotopes>
			<Atomicity>72</Atomicity>
			<MassAverage>178.49</MassAverage>
			<MassAverageUncertainty>0.02</MassAverageUncertainty>
			<Isotope>
				<IsotopeNumber>174</IsotopeNumber>
				<Mass>173.94</Mass>
				<Probability>0.00162</Probability>
			</Isotope>
			<Isotope>
				<IsotopeNumber>176</IsotopeNumber>
				<Mass>175.9414</Mass>
				<Probability>0.05206</Probability>
			</Isotope>
			<Isotope>
				<IsotopeNumber>177</IsotopeNumber>
				<Mass>176.9432</Mass>
				<Probability>0.18606</Probability>
			</Isotope>
			<Isotope>
				<IsotopeNumber>178</IsotopeNumber>
				<Mass>177.9437</Mass>
				<Probability>0.27297</Probability>
			</Isotope>
			<Isotope>
				<IsotopeNumber>179</IsotopeNumber>
				<Mass>178.9458</Mass>
				<Probability>0.13629</Probability>
			</Isotope>
			<Isotope>
				<IsotopeNumber>180</IsotopeNumber>
				<Mass>179.9465</Mass>
				<Probability>0.351</Probability>
			</Isotope>
		</Element>
		<Element>
			<Symbol>Ta</Symbol>
			<Name>Tantalum</Name>
			<NumIsotopes>2</NumIsotopes>
			<Atomicity>73</Atomicity>
			<MassAverage>180.94788</MassAverage>
			<MassAverageUncertainty>0.00002</MassAverageUncertainty>
			<Isotope>
				<IsotopeNumber>180</IsotopeNumber>
				<Mass>179.9475</Mass>
				<Probability>0.00012</Probability>
			</Isotope>
			<Isotope>
				<IsotopeNumber>181</IsotopeNumber>
				<Mass>180.948</Mass>
				<Probability>0.99988</Probability>
			</Isotope>
		</Element>
		<Element>
			<Symbol>W</Symbol>
			<Name>Tungsten</Name>
			<NumIsotopes>5</NumIsotopes>
			<Atomicity>74</Atomicity>
			<MassAverage>183.84</MassAverage>
			<MassAverageUncertainty>0.01</MassAverageUncertainty>
			<Isotope>
				<IsotopeNumber>180</IsotopeNumber>
				<Mass>179.9467</Mass>
				<Probability>0.0012</Probability>
			</Isotope>
			<Isotope>
				<IsotopeNumber>182</IsotopeNumber>
				<Mass>181.9482</Mass>
				<Probability>0.263</Probability>
			</Isotope>
			<Isotope>
				<IsotopeNumber>183</IsotopeNumber>
				<Mass>182.9502</Mass>
				<Probability>0.1428</Probability>
			</Isotope>
			<Isotope>
				<IsotopeNumber>184</IsotopeNumber>
				<Mass>183.9509</Mass>
				<Probability>0.307</Probability>
			</Isotope>
			<Isotope>
				<IsotopeNumber>186</IsotopeNumber>
				<Mass>185.9544</Mass>
				<Probability>0.286</Probability>
			</Isotope>
		</Element>
		<Element>
			<Symbol>Re</Symbol>
			<Name>Rhenium</Name>
			<NumIsotopes>2</NumIsotopes>
			<Atomicity>75</Atomicity>
			<MassAverage>186.207</MassAverage>
			<MassAverageUncertainty>0.001</MassAverageUncertainty>
			<Isotope>
				<IsotopeNumber>185</IsotopeNumber>
				<Mass>184.953</Mass>
				<Probability>0.374</Probability>
			</Isotope>
			<Isotope>
				<IsotopeNumber>187</IsotopeNumber>
				<Mass>186.9557</Mass>
				<Probability>0.626</Probability>
			</Isotope>
		</Element>
		<Element>
			<Symbol>Os</Symbol>
			<Name>Osmium</Name>
			<NumIsotopes>7</NumIsotopes>
			<Atomicity>76</Atomicity>
			<MassAverage>190.23</MassAverage>
			<MassAverageUncertainty>0.03</MassAverageUncertainty>
			<Isotope>
				<IsotopeNumber>184</IsotopeNumber>
				<Mass>183.9525</Mass>
				<Probability>0.0002</Probability>
			</Isotope>
			<Isotope>
				<IsotopeNumber>186</IsotopeNumber>
				<Mass>185.9538</Mass>
				<Probability>0.0158</Probability>
			</Isotope>
			<Isotope>
				<IsotopeNumber>187</IsotopeNumber>
				<Mass>186.9557</Mass>
				<Probability>0.016</Probability>
			</Isotope>
			<Isotope>
				<IsotopeNumber>188</IsotopeNumber>
				<Mass>187.9559</Mass>
				<Probability>0.133</Probability>
			</Isotope>
			<Isotope>
				<IsotopeNumber>189</IsotopeNumber>
				<Mass>188.9581</Mass>
				<Probability>0.161</Probability>
			</Isotope>
			<Isotope>
				<IsotopeNumber>190</IsotopeNumber>
				<Mass>189.9584</Mass>
				<Probability>0.264</Probability>
			</Isotope>
			<Isotope>
				<IsotopeNumber>192</IsotopeNumber>
				<Mass>191.9615</Mass>
				<Probability>0.41</Probability>
			</Isotope>
		</Element>
		<Element>
			<Symbol>Ir</Symbol>
			<Name>Iridium</Name>
			<NumIsotopes>2</NumIsotopes>
			<Atomicity>77</Atomicity>
			<MassAverage>192.217</MassAverage>
			<MassAverageUncertainty>0.003</MassAverageUncertainty>
			<Isotope>
				<IsotopeNumber>191</IsotopeNumber>
				<Mass>190.9606</Mass>
				<Probability>0.373</Probability>
			</Isotope>
			<Isotope>
				<IsotopeNumber>193</IsotopeNumber>
				<Mass>192.9629</Mass>
				<Probability>0.627</Probability>
			</Isotope>
		</Element>
		<Element>
			<Symbol>Pt</Symbol>
			<Name>Platinum</Name>
			<NumIsotopes>6</NumIsotopes>
			<Atomicity>78</Atomicity>
			<MassAverage>195.084</MassAverage>
			<MassAverageUncertainty>0.009</MassAverageUncertainty>
			<Isotope>
				<IsotopeNumber>190</IsotopeNumber>
				<Mass>189.9599</Mass>
				<Probability>0.0001</Probability>
			</Isotope>
			<Isotope>
				<IsotopeNumber>192</IsotopeNumber>
				<Mass>191.961</Mass>
				<Probability>0.0079</Probability>
			</Isotope>
			<Isotope>
				<IsotopeNumber>194</IsotopeNumber>
				<Mass>193.9627</Mass>
				<Probability>0.329</Probability>
			</Isotope>
			<Isotope>
				<IsotopeNumber>195</IsotopeNumber>
				<Mass>194.9648</Mass>
				<Probability>0.338</Probability>
			</Isotope>
			<Isotope>
				<IsotopeNumber>196</IsotopeNumber>
				<Mass>195.9649</Mass>
				<Probability>0.253</Probability>
			</Isotope>
			<Isotope>
				<IsotopeNumber>198</IsotopeNumber>
				<Mass>197.9679</Mass>
				<Probability>0.072</Probability>
			</Isotope>
		</Element>
		<Element>
			<Symbol>Au</Symbol>
			<Name>Gold</Name>
			<NumIsotopes>1</NumIsotopes>
			<Atomicity>79</Atomicity>
			<MassAverage>196.966569</MassAverage>
			<MassAverageUncertainty>0.000004</MassAverageUncertainty>
			<Isotope>
				<IsotopeNumber>197</IsotopeNumber>
				<Mass>196.9665</Mass>
				<Probability>1</Probability>
			</Isotope>
		</Element>
		<Element>
			<Symbol>Hg</Symbol>
			<Name>Mercury</Name>
			<NumIsotopes>7</NumIsotopes>
			<Atomicity>80</Atomicity>
			<MassAverage>200.59</MassAverage>
			<MassAverageUncertainty>0.02</MassAverageUncertainty>
			<Isotope>
				<IsotopeNumber>196</IsotopeNumber>
				<Mass>195.9658</Mass>
				<Probability>0.0015</Probability>
			</Isotope>
			<Isotope>
				<IsotopeNumber>198</IsotopeNumber>
				<Mass>197.9667</Mass>
				<Probability>0.1</Probability>
			</Isotope>
			<Isotope>
				<IsotopeNumber>199</IsotopeNumber>
				<Mass>198.9682</Mass>
				<Probability>0.169</Probability>
			</Isotope>
			<Isotope>
				<IsotopeNumber>200</IsotopeNumber>
				<Mass>199.9683</Mass>
				<Probability>0.231</Probability>
			</Isotope>
			<Isotope>
				<IsotopeNumber>201</IsotopeNumber>
				<Mass>200.9703</Mass>
				<Probability>0.132</Probability>
			</Isotope>
			<Isotope>
				<IsotopeNumber>202</IsotopeNumber>
				<Mass>201.9706</Mass>
				<Probability>0.298</Probability>
			</Isotope>
			<Isotope>
				<IsotopeNumber>204</IsotopeNumber>
				<Mass>203.9735</Mass>
				<Probability>0.0685</Probability>
			</Isotope>
		</Element>
		<Element>
			<Symbol>Tl</Symbol>
			<Name>Thallium</Name>
			<NumIsotopes>2</NumIsotopes>
			<Atomicity>81</Atomicity>
			<MassAverage>204.3833</MassAverage>
			<MassAverageUncertainty>0.0002</MassAverageUncertainty>
			<Isotope>
				<IsotopeNumber>203</IsotopeNumber>
				<Mass>202.9723</Mass>
				<Probability>0.29524</Probability>
			</Isotope>
			<Isotope>
				<IsotopeNumber>205</IsotopeNumber>
				<Mass>204.9744</Mass>
				<Probability>0.70476</Probability>
			</Isotope>
		</Element>
		<Element>
			<Symbol>Pb</Symbol>
			<Name>Lead</Name>
			<NumIsotopes>4</NumIsotopes>
			<Atomicity>82</Atomicity>
			<MassAverage>207.2</MassAverage>
			<MassAverageUncertainty>0.1</MassAverageUncertainty>
			<Isotope>
				<IsotopeNumber>204</IsotopeNumber>
				<Mass>203.973</Mass>
				<Probability>0.014</Probability>
			</Isotope>
			<Isotope>
				<IsotopeNumber>206</IsotopeNumber>
				<Mass>205.9744</Mass>
				<Probability>0.241</Probability>
			</Isotope>
			<Isotope>
				<IsotopeNumber>207</IsotopeNumber>
				<Mass>206.9759</Mass>
				<Probability>0.221</Probability>
			</Isotope>
			<Isotope>
				<IsotopeNumber>208</IsotopeNumber>
				<Mass>207.9766</Mass>
				<Probability>0.524</Probability>
			</Isotope>
		</Element>
		<Element>
			<Symbol>Bi</Symbol>
			<Name>Bismuth</Name>
			<NumIsotopes>1</NumIsotopes>
			<Atomicity>83</Atomicity>
			<MassAverage>208.9804</MassAverage>
			<MassAverageUncertainty>0.0001</MassAverageUncertainty>
			<Isotope>
				<IsotopeNumber>209</IsotopeNumber>
				<Mass>208.9804</Mass>
				<Probability>1</Probability>
			</Isotope>
		</Element>
		<Element>
			<Symbol>Po</Symbol>
			<Name>Polonium</Name>
			<NumIsotopes>1</NumIsotopes>
			<Atomicity>84</Atomicity>
			<MassAverage>209</MassAverage>
			<MassAverageUncertainty>0</MassAverageUncertainty>
			<Isotope>
				<IsotopeNumber>209</IsotopeNumber>
				<Mass>209</Mass>
				<Probability>1</Probability>
			</Isotope>
		</Element>
		<Element>
			<Symbol>At</Symbol>
			<Name>Astatine</Name>
			<NumIsotopes>1</NumIsotopes>
			<Atomicity>85</Atomicity>
			<MassAverage>210</MassAverage>
			<MassAverageUncertainty>0</MassAverageUncertainty>
			<Isotope>
				<IsotopeNumber>210</IsotopeNumber>
				<Mass>210</Mass>
				<Probability>1</Probability>
			</Isotope>
		</Element>
		<Element>
			<Symbol>Rn</Symbol>
			<Name>Radon</Name>
			<NumIsotopes>1</NumIsotopes>
			<Atomicity>86</Atomicity>
			<MassAverage>222</MassAverage>
			<MassAverageUncertainty>0</MassAverageUncertainty>
			<Isotope>
				<IsotopeNumber>222</IsotopeNumber>
				<Mass>222</Mass>
				<Probability>1</Probability>
			</Isotope>
		</Element>
		<Element>
			<Symbol>Fr</Symbol>
			<Name>Francium</Name>
			<NumIsotopes>1</NumIsotopes>
			<Atomicity>87</Atomicity>
			<MassAverage>223</MassAverage>
			<MassAverageUncertainty>0</MassAverageUncertainty>
			<Isotope>
				<IsotopeNumber>223</IsotopeNumber>
				<Mass>223</Mass>
				<Probability>1</Probability>
			</Isotope>
		</Element>
		<Element>
			<Symbol>Ra</Symbol>
			<Name>Radium</Name>
			<NumIsotopes>1</NumIsotopes>
			<Atomicity>88</Atomicity>
			<MassAverage>226.25</MassAverage>
			<MassAverageUncertainty>0</MassAverageUncertainty>
			<Isotope>
				<IsotopeNumber>226</IsotopeNumber>
				<Mass>226.025</Mass>
				<Probability>1</Probability>
			</Isotope>
		</Element>
		<Element>
			<Symbol>Ac</Symbol>
			<Name>Actinium</Name>
			<NumIsotopes>1</NumIsotopes>
			<Atomicity>89</Atomicity>
			<MassAverage>227.028</MassAverage>
			<MassAverageUncertainty>0</MassAverageUncertainty>
			<Isotope>
				<IsotopeNumber>227</IsotopeNumber>
				<Mass>227.028</Mass>
				<Probability>1</Probability>
			</Isotope>
		</Element>
		<Element>
			<Symbol>Th</Symbol>
			<Name>Thorium</Name>
			<NumIsotopes>1</NumIsotopes>
			<Atomicity>90</Atomicity>
			<MassAverage>232.03806</MassAverage>
			<MassAverageUncertainty>0.00002</MassAverageUncertainty>
			<Isotope>
				<IsotopeNumber>232</IsotopeNumber>
				<Mass>232.0381</Mass>
				<Probability>1</Probability>
			</Isotope>
		</Element>
		<Element>
			<Symbol>Pa</Symbol>
			<Name>Protactinium</Name>
			<NumIsotopes>1</NumIsotopes>
			<Atomicity>91</Atomicity>
			<MassAverage>231.03588</MassAverage>
			<MassAverageUncertainty>0.00002</MassAverageUncertainty>
			<Isotope>
				<IsotopeNumber>231</IsotopeNumber>
				<Mass>231.0359</Mass>
				<Probability>1</Probability>
			</Isotope>
		</Element>
		<Element>
			<Symbol>U</Symbol>
			<Name>Uranium</Name>
			<NumIsotopes>3</NumIsotopes>
			<Atomicity>92</Atomicity>
			<MassAverage>238.02891</MassAverage>
			<MassAverageUncertainty>0.00003</MassAverageUncertainty>
			<Isotope>
				<IsotopeNumber>234</IsotopeNumber>
				<Mass>234.0409</Mass>
				<Probability>5.5E-05</Probability>
			</Isotope>
			<Isotope>
				<IsotopeNumber>235</IsotopeNumber>
				<Mass>235.0439</Mass>
				<Probability>0.0072</Probability>
			</Isotope>
			<Isotope>
				<IsotopeNumber>238</IsotopeNumber>
				<Mass>238.0508</Mass>
				<Probability>0.992745</Probability>
			</Isotope>
		</Element>
		<Element>
			<Symbol>Np</Symbol>
			<Name>Neptunium</Name>
			<NumIsotopes>1</NumIsotopes>
			<Atomicity>93</Atomicity>
			<MassAverage>237.048</MassAverage>
			<MassAverageUncertainty>0</MassAverageUncertainty>
			<Isotope>
				<IsotopeNumber>237</IsotopeNumber>
				<Mass>237.048</Mass>
				<Probability>1</Probability>
			</Isotope>
		</Element>
		<Element>
			<Symbol>Pu</Symbol>
			<Name>Plutonium</Name>
			<NumIsotopes>1</NumIsotopes>
			<Atomicity>94</Atomicity>
			<MassAverage>244</MassAverage>
			<MassAverageUncertainty>0</MassAverageUncertainty>
			<Isotope>
				<IsotopeNumber>244</IsotopeNumber>
				<Mass>244</Mass>
				<Probability>1</Probability>
			</Isotope>
		</Element>
		<Element>
			<Symbol>Am</Symbol>
			<Name>Americium</Name>
			<NumIsotopes>1</NumIsotopes>
			<Atomicity>95</Atomicity>
			<MassAverage>243</MassAverage>
			<MassAverageUncertainty>0</MassAverageUncertainty>
			<Isotope>
				<IsotopeNumber>243</IsotopeNumber>
				<Mass>243</Mass>
				<Probability>1</Probability>
			</Isotope>
		</Element>
		<Element>
			<Symbol>Cm</Symbol>
			<Name>Curium</Name>
			<NumIsotopes>1</NumIsotopes>
			<Atomicity>96</Atomicity>
			<MassAverage>247</MassAverage>
			<MassAverageUncertainty>0</MassAverageUncertainty>
			<Isotope>
				<IsotopeNumber>247</IsotopeNumber>
				<Mass>247</Mass>
				<Probability>1</Probability>
			</Isotope>
		</Element>
		<Element>
			<Symbol>Bk</Symbol>
			<Name>Berkelium</Name>
			<NumIsotopes>1</NumIsotopes>
			<Atomicity>97</Atomicity>
			<MassAverage>247</MassAverage>
			<MassAverageUncertainty>0</MassAverageUncertainty>
			<Isotope>
				<IsotopeNumber>247</IsotopeNumber>
				<Mass>247</Mass>
				<Probability>1</Probability>
			</Isotope>
		</Element>
		<Element>
			<Symbol>Cf</Symbol>
			<Name>Californium</Name>
			<NumIsotopes>1</NumIsotopes>
			<Atomicity>98</Atomicity>
			<MassAverage>251</MassAverage>
			<MassAverageUncertainty>0</MassAverageUncertainty>
			<Isotope>
				<IsotopeNumber>251</IsotopeNumber>
				<Mass>251</Mass>
				<Probability>1</Probability>
			</Isotope>
		</Element>
		<Element>
			<Symbol>Es</Symbol>
			<Name>Einsteinium</Name>
			<NumIsotopes>1</NumIsotopes>
			<Atomicity>99</Atomicity>
			<MassAverage>252</MassAverage>
			<MassAverageUncertainty>0</MassAverageUncertainty>
			<Isotope>
				<IsotopeNumber>252</IsotopeNumber>
				<Mass>252</Mass>
				<Probability>1</Probability>
			</Isotope>
		</Element>
		<Element>
			<Symbol>Fm</Symbol>
			<Name>Fermium</Name>
			<NumIsotopes>1</NumIsotopes>
			<Atomicity>100</Atomicity>
			<MassAverage>257</MassAverage>
			<MassAverageUncertainty>0</MassAverageUncertainty>
			<Isotope>
				<IsotopeNumber>257</IsotopeNumber>
				<Mass>257</Mass>
				<Probability>1</Probability>
			</Isotope>
		</Element>
		<Element>
			<Symbol>Md</Symbol>
			<Name>Medelevium</Name>
			<NumIsotopes>1</NumIsotopes>
			<Atomicity>101</Atomicity>
			<MassAverage>258</MassAverage>
			<MassAverageUncertainty>0</MassAverageUncertainty>
			<Isotope>
				<IsotopeNumber>258</IsotopeNumber>
				<Mass>258</Mass>
				<Probability>1</Probability>
			</Isotope>
		</Element>
		<Element>
			<Symbol>No</Symbol>
			<Name>Nobelium</Name>
			<NumIsotopes>1</NumIsotopes>
			<Atomicity>102</Atomicity>
			<MassAverage>259</MassAverage>
			<MassAverageUncertainty>0</MassAverageUncertainty>
			<Isotope>
				<IsotopeNumber>259</IsotopeNumber>
				<Mass>259</Mass>
				<Probability>1</Probability>
			</Isotope>
		</Element>
		<Element>
			<Symbol>Lr</Symbol>
			<Name>Lawrencium</Name>
			<NumIsotopes>1</NumIsotopes>
			<Atomicity>103</Atomicity>
			<MassAverage>262</MassAverage>
			<MassAverageUncertainty>0</MassAverageUncertainty>
			<Isotope>
				<IsotopeNumber>262</IsotopeNumber>
				<Mass>260</Mass>
				<Probability>1</Probability>
			</Isotope>
		</Element>
		<Element>
			<Symbol>X</Symbol>
			<Name>Generic</Name>
			<NumIsotopes>1</NumIsotopes>
			<Atomicity>104</Atomicity>
			<MassAverage>999</MassAverage>
			<MassAverageUncertainty>0</MassAverageUncertainty>
			<Isotope>
				<IsotopeNumber>999</IsotopeNumber>
				<Mass>999</Mass>
				<Probability>0.5</Probability>
			</Isotope>
		</Element>
	</ElementIsotopes>
</parameters>
