<?xml version="1.0"?>
<doc>
    <assembly>
        <name>SAIS</name>
    </assembly>
    <members>
        <member name="T:SuffixArray.SAIS">
            <summary>
            An implementation of the induced sorting based suffix array construction algorithm.
            </summary>
        </member>
        <member name="M:SuffixArray.SAIS.sufsort(System.Byte[],System.Int32[],System.Int32)">
            <summary>
            Constructs the suffix array of a given string in linear time.
            </summary>
            <param name="T">input string</param>
            <param name="SA">output suffix array</param>
            <param name="n">length of the given string</param>
            <returns>0 if no error occurred, -1 or -2 otherwise</returns>
        </member>
        <member name="M:SuffixArray.SAIS.sufsort(System.Char[],System.Int32[],System.Int32)">
            <summary>
            Constructs the suffix array of a given string in linear time.
            </summary>
            <param name="T">input string</param>
            <param name="SA">output suffix array</param>
            <param name="n">length of the given string</param>
            <returns>0 if no error occurred, -1 or -2 otherwise</returns>
        </member>
        <member name="M:SuffixArray.SAIS.sufsort(System.Int32[],System.Int32[],System.Int32,System.Int32)">
            <summary>
            Constructs the suffix array of a given string in linear time.
            </summary>
            <param name="T">input string</param>
            <param name="SA">output suffix array</param>
            <param name="n">length of the given string</param>
            <param name="k">alphabet size</param>
            <returns>0 if no error occurred, -1 or -2 otherwise</returns>
        </member>
        <member name="M:SuffixArray.SAIS.sufsort(System.String,System.Int32[],System.Int32)">
            <summary>
            Constructs the suffix array of a given string in linear time.
            </summary>
            <param name="T">input string</param>
            <param name="SA">output suffix array</param>
            <param name="n">length of the given string</param>
            <returns>0 if no error occurred, -1 or -2 otherwise</returns>
        </member>
        <member name="M:SuffixArray.SAIS.bwt(System.Byte[],System.Byte[],System.Int32[],System.Int32)">
            <summary>
            Constructs the burrows-wheeler transformed string of a given string in linear time.
            </summary>
            <param name="T">input string</param>
            <param name="U">output string</param>
            <param name="A">temporary array</param>
            <param name="n">length of the given string</param>
            <returns>primary index if no error occurred, -1 or -2 otherwise</returns>
        </member>
        <member name="M:SuffixArray.SAIS.bwt(System.Char[],System.Char[],System.Int32[],System.Int32)">
            <summary>
            Constructs the burrows-wheeler transformed string of a given string in linear time.
            </summary>
            <param name="T">input string</param>
            <param name="U">output string</param>
            <param name="A">temporary array</param>
            <param name="n">length of the given string</param>
            <returns>primary index if no error occurred, -1 or -2 otherwise</returns>
        </member>
        <member name="M:SuffixArray.SAIS.bwt(System.Int32[],System.Int32[],System.Int32[],System.Int32,System.Int32)">
            <summary>
            Constructs the burrows-wheeler transformed string of a given string in linear time.
            </summary>
            <param name="T">input string</param>
            <param name="U">output string</param>
            <param name="A">temporary array</param>
            <param name="n">length of the given string</param>
            <param name="k">alphabet size</param>
            <returns>primary index if no error occurred, -1 or -2 otherwise</returns>
        </member>
    </members>
</doc>
